{
    "mae": 9280691.72580602,
    "mse": 462745064289497.9,
    "r2": 0.6352615637856887
}